threshold,balanced_accuracy,f1_imbalance,precision_imbalance,recall_imbalance
0.05,0.9269382399481154,0.9888304862023654,0.9791802212101497,0.9986728599867286
0.055,0.9292006833870294,0.9891554387117976,0.9798177083333334,0.9986728599867286
0.06,0.9292006833870294,0.9891554387117976,0.9798177083333334,0.9986728599867286
0.065,0.9337255702648575,0.9898059848733969,0.9810951760104303,0.9986728599867286
0.07,0.9337255702648575,0.9898059848733969,0.9810951760104303,0.9986728599867286
0.075,0.9359880137037715,0.9901315789473685,0.9817351598173516,0.9986728599867286
0.08,0.9382504571426855,0.9904573872984535,0.9823759791122716,0.9986728599867286
0.08499999999999999,0.9382504571426855,0.9904573872984535,0.9823759791122716,0.9986728599867286
0.09,0.9382504571426855,0.9904573872984535,0.9823759791122716,0.9986728599867286
0.095,0.9405129005815995,0.9907834101382489,0.9830176355323318,0.9986728599867286
0.09999999999999999,0.9427753440205136,0.9911096476786302,0.9836601307189542,0.9986728599867286
0.105,0.9450377874594277,0.9914361001317523,0.9843034663178548,0.9986728599867286
0.10999999999999999,0.9473002308983417,0.9917627677100495,0.9849476439790575,0.9986728599867286
0.11499999999999999,0.9473002308983417,0.9917627677100495,0.9849476439790575,0.9986728599867286
0.12,0.9473002308983417,0.9917627677100495,0.9849476439790575,0.9986728599867286
0.12499999999999999,0.9473002308983417,0.9917627677100495,0.9849476439790575,0.9986728599867286
0.13,0.9495626743372557,0.992089650626236,0.9855926653569089,0.9986728599867286
0.135,0.9518251177761697,0.9924167490933069,0.9862385321100917,0.9986728599867286
0.13999999999999999,0.9518251177761697,0.9924167490933069,0.9862385321100917,0.9986728599867286
0.145,0.9518251177761697,0.9924167490933069,0.9862385321100917,0.9986728599867286
0.14999999999999997,0.9518251177761697,0.9924167490933069,0.9862385321100917,0.9986728599867286
0.15499999999999997,0.9518251177761697,0.9924167490933069,0.9862385321100917,0.9986728599867286
0.15999999999999998,0.9514933327728519,0.9920844327176781,0.9862295081967213,0.9980092899800929
0.16499999999999998,0.9514933327728519,0.9920844327176781,0.9862295081967213,0.9980092899800929
0.16999999999999998,0.9514933327728519,0.9920844327176781,0.9862295081967213,0.9980092899800929
0.175,0.9508297627662161,0.9914191419141914,0.9862114248194354,0.9966821499668215
0.18,0.9508297627662161,0.9914191419141914,0.9862114248194354,0.9966821499668215
0.185,0.9530922062051301,0.9917464509739188,0.9868593955321945,0.9966821499668215
0.19,0.9530922062051301,0.9917464509739188,0.9868593955321945,0.9966821499668215
0.195,0.9553546496440442,0.9920739762219286,0.9875082182774491,0.9966821499668215
0.19999999999999996,0.9576170930829582,0.992401717872481,0.9881578947368421,0.9966821499668215
0.20499999999999996,0.9576170930829582,0.992401717872481,0.9881578947368421,0.9966821499668215
0.20999999999999996,0.9576170930829582,0.992401717872481,0.9881578947368421,0.9966821499668215
0.21499999999999997,0.9572853080796404,0.9920687376074026,0.9881500987491771,0.9960185799601858
0.21999999999999997,0.9569535230763225,0.9917355371900827,0.9881422924901185,0.9953550099535501
0.22499999999999998,0.9569535230763225,0.9917355371900827,0.9881422924901185,0.9953550099535501
0.22999999999999998,0.9569535230763225,0.9917355371900827,0.9881422924901185,0.9953550099535501
0.235,0.9569535230763225,0.9917355371900827,0.9881422924901185,0.9953550099535501
0.24,0.9566217380730047,0.9914021164021164,0.988134475939354,0.9946914399469144
0.245,0.9566217380730047,0.9914021164021164,0.988134475939354,0.9946914399469144
0.24999999999999994,0.9588841815119188,0.9917300694674165,0.9887862796833773,0.9946914399469144
0.25499999999999995,0.9588841815119188,0.9917300694674165,0.9887862796833773,0.9946914399469144
0.25999999999999995,0.9588841815119188,0.9917300694674165,0.9887862796833773,0.9946914399469144
0.26499999999999996,0.9588841815119188,0.9917300694674165,0.9887862796833773,0.9946914399469144
0.26999999999999996,0.9608148399475149,0.9917245945051307,0.9894319682959049,0.9940278699402787
0.27499999999999997,0.9608148399475149,0.9917245945051307,0.9894319682959049,0.9940278699402787
0.27999999999999997,0.9608148399475149,0.9917245945051307,0.9894319682959049,0.9940278699402787
0.285,0.9608148399475149,0.9917245945051307,0.9894319682959049,0.9940278699402787
0.29,0.9608148399475149,0.9917245945051307,0.9894319682959049,0.9940278699402787
0.295,0.963077283386429,0.9920529801324504,0.9900859220092532,0.9940278699402787
0.3,0.963077283386429,0.9920529801324504,0.9900859220092532,0.9940278699402787
0.30499999999999994,0.963077283386429,0.9920529801324504,0.9900859220092532,0.9940278699402787
0.30999999999999994,0.963077283386429,0.9920529801324504,0.9900859220092532,0.9940278699402787
0.31499999999999995,0.9627454983831111,0.9917191122888374,0.9900793650793651,0.993364299933643
0.31999999999999995,0.9627454983831111,0.9917191122888374,0.9900793650793651,0.993364299933643
0.32499999999999996,0.9627454983831111,0.9917191122888374,0.9900793650793651,0.993364299933643
0.32999999999999996,0.9627454983831111,0.9917191122888374,0.9900793650793651,0.993364299933643
0.33499999999999996,0.9627454983831111,0.9917191122888374,0.9900793650793651,0.993364299933643
0.33999999999999997,0.9624137133797932,0.9913850231941683,0.9900727994705493,0.9927007299270073
0.3449999999999999,0.9624137133797932,0.9913850231941683,0.9900727994705493,0.9927007299270073
0.3499999999999999,0.9643443718153895,0.9913793103448276,0.9907223326706428,0.9920371599203716
0.3549999999999999,0.9643443718153895,0.9913793103448276,0.9907223326706428,0.9920371599203716
0.35999999999999993,0.9643443718153895,0.9913793103448276,0.9907223326706428,0.9920371599203716
0.36499999999999994,0.9666068152543035,0.9917081260364843,0.9913793103448276,0.9920371599203716
0.36999999999999994,0.9666068152543035,0.9917081260364843,0.9913793103448276,0.9920371599203716
0.37499999999999994,0.9666068152543035,0.9917081260364843,0.9913793103448276,0.9920371599203716
0.37999999999999995,0.9666068152543035,0.9917081260364843,0.9913793103448276,0.9920371599203716
0.38499999999999995,0.9666068152543035,0.9917081260364843,0.9913793103448276,0.9920371599203716
0.38999999999999996,0.9666068152543035,0.9917081260364843,0.9913793103448276,0.9920371599203716
0.39499999999999996,0.9666068152543035,0.9917081260364843,0.9913793103448276,0.9920371599203716
0.3999999999999999,0.9666068152543035,0.9917081260364843,0.9913793103448276,0.9920371599203716
0.4049999999999999,0.9662750302509856,0.9913735899137359,0.9913735899137359,0.9913735899137359
0.4099999999999999,0.9662750302509856,0.9913735899137359,0.9913735899137359,0.9913735899137359
0.4149999999999999,0.96561146024435,0.9907038512616202,0.9913621262458472,0.9900464499004645
0.41999999999999993,0.965279675241032,0.9903686482896048,0.9913563829787234,0.9893828798938288
0.42499999999999993,0.965279675241032,0.9903686482896048,0.9913563829787234,0.9893828798938288
0.42999999999999994,0.965279675241032,0.9903686482896048,0.9913563829787234,0.9893828798938288
0.43499999999999994,0.965279675241032,0.9903686482896048,0.9913563829787234,0.9893828798938288
0.43999999999999995,0.965279675241032,0.9903686482896048,0.9913563829787234,0.9893828798938288
0.44499999999999995,0.965279675241032,0.9903686482896048,0.9913563829787234,0.9893828798938288
0.4499999999999999,0.965279675241032,0.9903686482896048,0.9913563829787234,0.9893828798938288
0.4549999999999999,0.965279675241032,0.9903686482896048,0.9913563829787234,0.9893828798938288
0.4599999999999999,0.965279675241032,0.9903686482896048,0.9913563829787234,0.9893828798938288
0.4649999999999999,0.965279675241032,0.9903686482896048,0.9913563829787234,0.9893828798938288
0.4699999999999999,0.965279675241032,0.9903686482896048,0.9913563829787234,0.9893828798938288
0.4749999999999999,0.965279675241032,0.9903686482896048,0.9913563829787234,0.9893828798938288
0.4799999999999999,0.965279675241032,0.9903686482896048,0.9913563829787234,0.9893828798938288
0.48499999999999993,0.965279675241032,0.9903686482896048,0.9913563829787234,0.9893828798938288
0.48999999999999994,0.965279675241032,0.9903686482896048,0.9913563829787234,0.9893828798938288
0.49499999999999994,0.965279675241032,0.9903686482896048,0.9913563829787234,0.9893828798938288
0.49999999999999994,0.965279675241032,0.9903686482896048,0.9913563829787234,0.9893828798938288
0.5049999999999999,0.965279675241032,0.9903686482896048,0.9913563829787234,0.9893828798938288
0.5099999999999999,0.9649478902377142,0.9900332225913622,0.9913506320691949,0.9887193098871931
0.5149999999999999,0.9649478902377142,0.9900332225913622,0.9913506320691949,0.9887193098871931
0.5199999999999999,0.9649478902377142,0.9900332225913622,0.9913506320691949,0.9887193098871931
0.5249999999999999,0.9649478902377142,0.9900332225913622,0.9913506320691949,0.9887193098871931
0.5299999999999999,0.9649478902377142,0.9900332225913622,0.9913506320691949,0.9887193098871931
0.5349999999999999,0.9649478902377142,0.9900332225913622,0.9913506320691949,0.9887193098871931
0.5399999999999999,0.9649478902377142,0.9900332225913622,0.9913506320691949,0.9887193098871931
0.5449999999999999,0.9649478902377142,0.9900332225913622,0.9913506320691949,0.9887193098871931
0.5499999999999999,0.9668785486733104,0.9900265957446809,0.9920053297801465,0.9880557398805574
0.5549999999999999,0.9668785486733104,0.9900265957446809,0.9920053297801465,0.9880557398805574
0.5599999999999999,0.9668785486733104,0.9900265957446809,0.9920053297801465,0.9880557398805574
0.565,0.9668785486733104,0.9900265957446809,0.9920053297801465,0.9880557398805574
0.57,0.9668785486733104,0.9900265957446809,0.9920053297801465,0.9880557398805574
0.575,0.9665467636699925,0.9896907216494846,0.992,0.9873921698739216
0.58,0.9665467636699925,0.9896907216494846,0.992,0.9873921698739216
0.585,0.9665467636699925,0.9896907216494846,0.992,0.9873921698739216
0.59,0.9662149786666747,0.9893546240851631,0.9919946631087392,0.986728599867286
0.595,0.9662149786666747,0.9893546240851631,0.9919946631087392,0.986728599867286
0.6,0.9662149786666747,0.9893546240851631,0.9919946631087392,0.986728599867286
0.605,0.9662149786666747,0.9893546240851631,0.9919946631087392,0.986728599867286
0.61,0.9662149786666747,0.9893546240851631,0.9919946631087392,0.986728599867286
0.615,0.9662149786666747,0.9893546240851631,0.9919946631087392,0.986728599867286
0.62,0.9684774221055887,0.9896838602329451,0.992656875834446,0.986728599867286
0.625,0.9684774221055887,0.9896838602329451,0.992656875834446,0.986728599867286
0.63,0.9684774221055887,0.9896838602329451,0.992656875834446,0.986728599867286
0.635,0.9684774221055887,0.9896838602329451,0.992656875834446,0.986728599867286
0.6399999999999999,0.9684774221055887,0.9896838602329451,0.992656875834446,0.986728599867286
0.6449999999999999,0.9681456371022708,0.9893475366178429,0.9926519706078825,0.9860650298606503
0.6499999999999999,0.967813852098953,0.989010989010989,0.9926470588235294,0.9854014598540146
0.6549999999999999,0.967813852098953,0.989010989010989,0.9926470588235294,0.9854014598540146
0.6599999999999999,0.9674820670956351,0.988674217188541,0.9926421404682274,0.9847378898473789
0.6649999999999999,0.9674820670956351,0.988674217188541,0.9926421404682274,0.9847378898473789
0.6699999999999999,0.9674820670956351,0.988674217188541,0.9926421404682274,0.9847378898473789
0.6749999999999999,0.9674820670956351,0.988674217188541,0.9926421404682274,0.9847378898473789
0.6799999999999999,0.9674820670956351,0.988674217188541,0.9926421404682274,0.9847378898473789
0.6849999999999999,0.9674820670956351,0.988674217188541,0.9926421404682274,0.9847378898473789
0.69,0.9671502820923172,0.9883372209263579,0.9926372155287818,0.9840743198407432
0.695,0.9671502820923172,0.9883372209263579,0.9926372155287818,0.9840743198407432
0.7,0.9671502820923172,0.9883372209263579,0.9926372155287818,0.9840743198407432
0.705,0.9671502820923172,0.9883372209263579,0.9926372155287818,0.9840743198407432
0.71,0.9671502820923172,0.9883372209263579,0.9926372155287818,0.9840743198407432
0.715,0.9694127255312314,0.9886666666666667,0.9933020763563295,0.9840743198407432
0.72,0.9690809405279135,0.9883294431477159,0.9932975871313673,0.9834107498341075
0.725,0.9690809405279135,0.9883294431477159,0.9932975871313673,0.9834107498341075
0.73,0.9690809405279135,0.9883294431477159,0.9932975871313673,0.9834107498341075
0.735,0.9690809405279135,0.9883294431477159,0.9932975871313673,0.9834107498341075
0.74,0.9690809405279135,0.9883294431477159,0.9932975871313673,0.9834107498341075
0.7449999999999999,0.9690809405279135,0.9883294431477159,0.9932975871313673,0.9834107498341075
0.7499999999999999,0.9690809405279135,0.9883294431477159,0.9932975871313673,0.9834107498341075
0.7549999999999999,0.9687491555245957,0.9879919946631087,0.9932930918846412,0.9827471798274718
0.7599999999999999,0.9687491555245957,0.9879919946631087,0.9932930918846412,0.9827471798274718
0.7649999999999999,0.9687491555245957,0.9879919946631087,0.9932930918846412,0.9827471798274718
0.7699999999999999,0.9687491555245957,0.9879919946631087,0.9932930918846412,0.9827471798274718
0.7749999999999999,0.9687491555245957,0.9879919946631087,0.9932930918846412,0.9827471798274718
0.7799999999999999,0.9687491555245957,0.9879919946631087,0.9932930918846412,0.9827471798274718
0.7849999999999999,0.9687491555245957,0.9879919946631087,0.9932930918846412,0.9827471798274718
0.7899999999999999,0.9687491555245957,0.9879919946631087,0.9932930918846412,0.9827471798274718
0.7949999999999999,0.9684173705212777,0.9876543209876543,0.9932885906040269,0.9820836098208361
0.7999999999999999,0.9684173705212777,0.9876543209876543,0.9932885906040269,0.9820836098208361
0.8049999999999999,0.9684173705212777,0.9876543209876543,0.9932885906040269,0.9820836098208361
0.8099999999999999,0.9684173705212777,0.9876543209876543,0.9932885906040269,0.9820836098208361
0.815,0.9684173705212777,0.9876543209876543,0.9932885906040269,0.9820836098208361
0.82,0.9684173705212777,0.9876543209876543,0.9932885906040269,0.9820836098208361
0.825,0.9684173705212777,0.9876543209876543,0.9932885906040269,0.9820836098208361
0.83,0.9684173705212777,0.9876543209876543,0.9932885906040269,0.9820836098208361
0.835,0.9684173705212777,0.9876543209876543,0.9932885906040269,0.9820836098208361
0.84,0.9684173705212777,0.9876543209876543,0.9932885906040269,0.9820836098208361
0.845,0.96808558551796,0.9873164218958611,0.9932840832773674,0.9814200398142005
0.8499999999999999,0.9677538005146421,0.9869782971619365,0.9932795698924731,0.9807564698075647
0.8549999999999999,0.9674220155113242,0.9866399465597863,0.9932750504371217,0.980092899800929
0.8599999999999999,0.9667584455046885,0.9859625668449198,0.9932659932659933,0.9787657597876576
0.8649999999999999,0.9667584455046885,0.9859625668449198,0.9932659932659933,0.9787657597876576
0.8699999999999999,0.9667584455046885,0.9859625668449198,0.9932659932659933,0.9787657597876576
0.8749999999999999,0.9667584455046885,0.9859625668449198,0.9932659932659933,0.9787657597876576
0.8799999999999999,0.9664266605013707,0.9856235372785022,0.9932614555256065,0.9781021897810219
0.8849999999999999,0.9664266605013707,0.9856235372785022,0.9932614555256065,0.9781021897810219
0.8899999999999999,0.9664266605013707,0.9856235372785022,0.9932614555256065,0.9781021897810219
0.8949999999999999,0.9664266605013707,0.9856235372785022,0.9932614555256065,0.9781021897810219
0.8999999999999999,0.9664266605013707,0.9856235372785022,0.9932614555256065,0.9781021897810219
0.9049999999999999,0.9664266605013707,0.9856235372785022,0.9932614555256065,0.9781021897810219
0.9099999999999999,0.9664266605013707,0.9856235372785022,0.9932614555256065,0.9781021897810219
0.9149999999999999,0.9664266605013707,0.9856235372785022,0.9932614555256065,0.9781021897810219
0.9199999999999999,0.9664266605013707,0.9856235372785022,0.9932614555256065,0.9781021897810219
0.9249999999999999,0.9683573189369669,0.9856139176982268,0.9939271255060729,0.9774386197743862
0.9299999999999999,0.970287977372563,0.9856042852360227,0.9945945945945946,0.9767750497677505
0.9349999999999999,0.970287977372563,0.9856042852360227,0.9945945945945946,0.9767750497677505
0.94,0.970287977372563,0.9856042852360227,0.9945945945945946,0.9767750497677505
0.945,0.9722186358081593,0.9855946398659966,0.9952638700947226,0.9761114797611148
0.95,0.9722186358081593,0.9855946398659966,0.9952638700947226,0.9761114797611148
